first_name,last_name,job_title,department,email,address,phone_number,salary,password
Yolanda,Peterson,Clinical molecular geneticist,Neurosurgeon,jasonperry@example.com,Kristinemouth,001-802-292-8049,71457,3roGI3C6
Renee,Jones,Health service manager,Quarry manager,haleyalfred@example.org,Carlosville,430.382.5703,28266,6jszePcq
Andrew,Lowery,"Lighting technician, broadcasting/film/video","Programmer, multimedia",richard75@example.net,West Mollymouth,001-367-613-7653x272,99706,wCW8TOkN
Gerald,Bell,Management consultant,Insurance underwriter,russellsmith@example.com,Lukebury,700.243.8586x45729,53176,efdWNfta
Evan,Alvarez,Materials engineer,"Designer, furniture",emitchell@example.net,Nelsonmouth,001-545-413-1292x390,91935,PPcq0LVY
Kimberly,Fowler,Government social research officer,Environmental health practitioner,tadams@example.net,Louisland,001-991-356-9480,73644,o0nrk3YX
Carlos,Thomas,Colour technologist,Broadcast engineer,hstanley@example.com,Teresaland,6705772640,23410,EWaAGegb
Erica,Lindsey,Cytogeneticist,"Designer, exhibition/display",clarkshawn@example.com,Lake Tamaramouth,001-437-230-3653x56248,86513,mmBTXAR0
Darius,Lopez,Theatre manager,Physiotherapist,uwyatt@example.org,Lake Tanyamouth,546-866-9037x05812,39645,2J9B6bfg
Tommy,Herring,Interpreter,Holiday representative,valerievazquez@example.org,Parkerville,500-893-8740,23236,L9btFHR0
Megan,Johnson,Product manager,Architect,diazmichael@example.org,Johnsonmouth,001-327-842-2554x7332,34584,RsRc6wiW
Jamie,Ochoa,"Surveyor, mining",Glass blower/designer,maysnicole@example.org,New Shelbyhaven,734.718.7010x8523,813,Ng0vYwkQ
Justin,Webb,Industrial/product designer,"Engineer, mining",matthew81@example.org,East Miguel,001-472-669-5733x973,4247,0WmB8pXF
Sandy,Webb,Personnel officer,Geophysical data processor,cohenadam@example.net,Sanchezburgh,(719)640-0738x929,8325,VVu5hhkE
Curtis,Bowers,Forensic psychologist,Community development worker,ipowell@example.org,Jonesshire,(869)593-2970x9697,62967,C5MmDy35
Melissa,Wilson,"Education officer, museum","Lecturer, further education",jeanhart@example.org,Lake Amanda,+1-631-974-4891x719,15469,5djUHhlq
Anne,Costa,Commercial art gallery manager,Environmental manager,annsimon@example.net,Port Gary,001-802-513-9292x0418,26092,BWJr2CsI
Randy,Small,"Nurse, children's",Patent attorney,perezmary@example.net,New Angela,(206)359-3078x9535,3741,7XByKWfs
Jason,Adams,"Surveyor, commercial/residential","Surveyor, rural practice",fwalters@example.com,Maldonadoborough,651.820.1373x77460,55377,wyNiXCyG
Jonathan,Cohen,Podiatrist,"Designer, jewellery",ibooker@example.net,Candaceberg,001-729-479-7873x9675,9425,lIrUma5J
Emily,Anderson,"Teacher, primary school",Charity fundraiser,mrose@example.net,West Bradley,972-473-5364x6506,44269,DyTYUufm
Katie,Mcfarland,Ranger/warden,Clothing/textile technologist,erika36@example.org,Port Jessicachester,001-947-299-2723x48503,40094,vsStl5Hu
Steven,Sanchez,Civil Service fast streamer,Make,wilkinsjacob@example.org,South Ruthmouth,(318)480-5967x2159,27025,QLkhdXeY
Richard,Bautista,Associate Professor,"Physicist, medical",fburke@example.net,Rebeccaton,4772009877,78829,ORFPQexT
Gregory,Mack,Phytotherapist,Further education lecturer,tammyberry@example.com,Brendaberg,+1-526-411-1297x719,76199,ipiLjmOL
Angela,Gordon,"Education officer, environmental",Camera operator,butlerjeffrey@example.org,Barryport,464.823.3702x80361,94984,STHGYti1
Alicia,Miller,Publishing copy,"Administrator, local government",debbiepeterson@example.org,Tracieview,879-336-2844x198,84969,zuVgZkRv
Joseph,Edwards,Theatre manager,Art therapist,denise16@example.org,South Christopher,403-223-5708x6555,88117,6YogtERu
Joan,Reynolds,Insurance claims handler,Advertising copywriter,alexpace@example.org,Andremouth,+1-544-386-5719x85027,84841,UEXBmLZG
Kurt,Rodriguez,Interpreter,"Education officer, environmental",victoriaellis@example.com,West Aprilside,(212)510-2237,65090,QqDzO2cG
Jeremy,Perkins,Secondary school teacher,Psychiatric nurse,wesley68@example.org,Fullermouth,(256)995-5955x98228,48498,LBYAXSUw
Dawn,Costa,"Therapist, occupational",Personnel officer,blackwelldouglas@example.net,East Lisashire,763.625.2792x5477,10717,ATgl8IB8
Jamie,Schneider,"Geologist, engineering","Civil engineer, consulting",justin03@example.com,Knightfurt,359.985.5672,421,7N9PCdt2
Sandra,Holt,Colour technologist,"Horticulturist, amenity",danielstevens@example.com,North Matthew,+1-753-705-3442,81214,Jln0PITQ
Manuel,Rodriguez,Systems developer,Airline pilot,jerrynorris@example.org,Alvarezfort,416.307.9545x0789,64015,EgbFtLsG
Gary,Potter,Insurance claims handler,Investment analyst,julianbell@example.net,North James,(832)458-4124x9794,72697,Svw7vD09
Christopher,Foster,Materials engineer,Horticultural consultant,marcwillis@example.net,Matthewton,889-702-6733,41204,Pi3Um8nH
Joshua,Boyd,Fitness centre manager,Bonds trader,meghan20@example.net,Boothshire,001-357-222-4969,24811,60CGhNhx
Sue,Good,"Nurse, adult",Advice worker,mirandahill@example.net,Salazarhaven,541.822.5558,42174,6Z0dSCFN
Suzanne,Mays,"Conservation officer, nature",Theatre manager,taylor93@example.org,South Michael,001-877-362-7922,9815,tBrkhcGR
William,Anderson,Emergency planning/management officer,Product manager,victoria31@example.com,Port Amandashire,279.235.6306x85712,32702,I9VN2ED1
Stephanie,Harris,Catering manager,"Therapist, nutritional",smithbrett@example.com,New Randall,001-516-719-3952,53770,yTrZ2jXn
Bobby,Medina,"Teacher, adult education",Health physicist,joshuamiller@example.com,New Elizabethberg,(781)489-4976x2757,89359,rEggC8oi
Gary,Warren,"Designer, blown glass/stained glass",Copy,thomaswu@example.org,Harrisside,726.422.2234x365,22356,mIh5emfm
Pamela,Burton,Product designer,Graphic designer,howardjuan@example.org,Lake Anthony,(860)346-3331,99824,O7HDmyKM
Ian,Ward,"Engineer, water",Airline pilot,sflores@example.net,New Jamesville,840.417.0799x92054,98298,u2S0FUOn
Carrie,Henderson,"Scientist, research (physical sciences)",Tree surgeon,david48@example.com,Port Christopher,001-735-823-0340x289,87977,G67XS6QV
Jacqueline,Shelton,Production engineer,Chief Financial Officer,cathy51@example.net,Floydhaven,9657132769,37637,cJa60R7t
Jeffery,Rojas,Politician's assistant,"Designer, graphic",sfranklin@example.com,Lake Amandaland,+1-629-335-9429x9374,34088,C5r2nLsb
Charles,Jenkins,Astronomer,Dancer,jessica56@example.net,Russellborough,(219)613-4517x230,94055,7Ib3l9xr
Sandra,Lambert,"Administrator, local government","Social research officer, government",kimberlykeller@example.com,Robertsonstad,001-348-701-5594,41867,3l9A0c5x
Michael,Glover,Herbalist,"Production designer, theatre/television/film",tuckerchad@example.com,Cookville,978.423.4699x9288,10895,uNLFmboN
Suzanne,Soto,"Teacher, music",Immigration officer,tsantiago@example.net,Longside,944.687.7792x042,88966,4OkqvlVQ
James,Mitchell,Insurance broker,Mudlogger,tsmith@example.org,East Vernon,871-938-0642,64358,Ce9SVbEr
Peter,Kelley,"Scientist, research (physical sciences)",Insurance broker,stephaniewang@example.com,North Jimmy,(758)272-4904x27971,19986,Il4winYw
Jonathan,Garcia,Research scientist (life sciences),Hydrologist,colleen17@example.org,Jamestown,001-259-223-0396x578,28300,i3G9SKCw
Molly,Harrison,"Radiographer, therapeutic","Administrator, education",thomasalan@example.net,Jenniferhaven,+1-267-926-8925x8440,34836,52qlFhpj
Christina,Maldonado,Psychiatric nurse,Theatre stage manager,tristanschroeder@example.org,Adrianburgh,(866)840-3362x4232,8762,N8vMlkke
Jamie,Anderson,Food technologist,Dancer,robertcherry@example.com,South Robert,278.292.0232x952,52589,4rr2Qufz
Eric,Miller,Pathologist,"Geologist, wellsite",bellmichael@example.net,Lake Danielleborough,842.465.0003x40786,33471,kltG9huV
Timothy,Morgan,Immunologist,Network engineer,keithcook@example.net,South Annette,(656)788-3234x081,52926,jg5wlMls
Angela,Douglas,Production manager,"Psychologist, clinical",potterkim@example.com,North Michaelshire,+1-725-895-7386,38256,mPBmEvy8
William,Barry,"Engineer, manufacturing systems",Architectural technologist,ypatel@example.org,Robynville,+1-832-450-9972x20756,50954,v4h5K3nQ
John,Vasquez,"Therapist, art",Associate Professor,jeanne06@example.net,East Rachelview,+1-509-638-1654x068,92511,PV6rMKB4
Karen,Melendez,Local government officer,Exercise physiologist,lturner@example.com,West Brianberg,6453478431,74528,KEsJXc2D
Jessica,Parrish,Research scientist (physical sciences),Glass blower/designer,mendezdavid@example.org,Port Meganchester,351-237-1926x7291,84345,lcULMv27
Ariel,Adams,Product designer,Records manager,wilsongabriella@example.com,Alyssachester,951-237-2665,17538,iFmjrX4p
Brittany,Miranda,Aid worker,Tourist information centre manager,ugray@example.net,Port Adam,541-919-3838,11964,x51Y9vHL
Austin,Bautista,Database administrator,Horticultural consultant,robert28@example.net,New Daniel,725-618-0187x73642,98013,elFvSidJ
Sarah,Colon,"Engineer, production","Engineer, site",aaronjames@example.com,Crystalview,233-790-0232,9477,WaZNbFm2
Ronald,Castillo,Dispensing optician,Pension scheme manager,ksmith@example.com,New Tylerfurt,224-555-4103,48031,op7c1e3C
Randy,Newman,Youth worker,Audiological scientist,tylerlawrence@example.net,Lake Richard,001-704-838-1624,81613,a5BxZoUK
Nathaniel,Curtis,"Therapist, music","Geneticist, molecular",qknight@example.net,Bendershire,+1-320-243-5187,30957,EiTjKF8W
Laura,Reese,"Scientist, research (life sciences)","Teacher, secondary school",xwilson@example.org,Joshuaside,001-667-510-3740x225,80973,o1G13vrg
Anthony,Waters,"Geologist, engineering","Surveyor, rural practice",michaelrobertson@example.org,Port Paige,001-733-726-4230x11526,13842,OVJw1Tqj
Larry,Gardner,Purchasing manager,Dietitian,rachelzavala@example.net,East James,707.963.2658x270,5279,yWJzUXmn
Holly,Murphy,"Engineer, production",Bonds trader,lisaroberson@example.org,Johnstonmouth,(282)522-4660x411,85575,cm0hAtrR
Heather,Porter,Radio broadcast assistant,"Psychologist, prison and probation services",brandonsanchez@example.org,Lake Juliachester,353.507.4328x8581,45413,o9mIJkKD
Devin,Ford,"Horticulturist, amenity",Network engineer,icrosby@example.org,North James,001-395-872-5048x10976,60698,tsm4RK6M
Paul,Bowen,"Nurse, children's",Midwife,anna08@example.org,Katherineton,(929)864-9775,68984,ApWrOo5z
Laura,Sherman,Pathologist,Pensions consultant,george90@example.net,West Ashleyville,991-494-6172,84707,mvQBBNCu
Kelly,Diaz,"Engineer, drilling",Astronomer,kimberlywhite@example.net,Campbellhaven,+1-224-290-1901x601,13196,QmyzzSYp
Kristina,Wolf,Cabin crew,Teaching laboratory technician,dennispatrick@example.org,Ryanside,001-517-723-5779x4684,23373,7Olk34XX
Frank,Miller,Best boy,Television/film/video producer,lgaines@example.com,West Thomasmouth,333.963.7487x8905,55960,RMRaU5gU
Keith,Garza,Associate Professor,"Exhibitions officer, museum/gallery",gary37@example.org,West Brianamouth,+1-933-381-9165x15436,26045,QRSmfQCT
Jeffrey,Cameron,Colour technologist,"Embryologist, clinical",mistyhunter@example.com,Ambertown,947.864.3618x3136,88917,rflz8fyG
Briana,Frank,Paramedic,Chief Marketing Officer,aprilmartin@example.net,Cooperton,(929)675-1698,66134,j3SL0pHf
Matthew,Reyes,"Research officer, political party","Surveyor, land/geomatics",sknight@example.com,Phelpsfort,+1-722-491-0567x69303,78057,r797K9d0
Nicole,Brown,Multimedia programmer,Higher education careers adviser,susan48@example.org,South Marialand,907-480-5854,3085,PPl4QZtJ
Sean,Patton,"Engineer, biomedical","Designer, textile",iwang@example.org,Welchton,6513711147,59080,L5AYbZVp
Brandi,Sloan,Best boy,"Producer, television/film/video",davidstone@example.net,Mendezview,001-531-433-3206x418,50841,HkqbttPK
Joseph,Meyer,Media buyer,Catering manager,aaronthompson@example.org,Paulburgh,539-806-7173x1633,45019,7oWN1zkx
Ashlee,Ford,Chartered certified accountant,Computer games developer,andrew06@example.com,East Aaron,206.998.2928x60836,7050,HRJMcH18
Jason,Hernandez,Interpreter,Mental health nurse,wmiller@example.com,West Dianaborough,+1-676-999-2165x11264,54414,bhmZYZjt
Charles,Gutierrez,"Development worker, community","Runner, broadcasting/film/video",vwhite@example.net,Emilyview,001-898-377-9989,15174,AhkYTAAX
Kaitlyn,Singh,Armed forces logistics/support/administrative officer,Patent attorney,tanyaperez@example.com,North Gregory,679.496.6411,83469,cFsX10xH
Donna,Brown,Environmental manager,Television floor manager,brett75@example.net,Kristinside,001-859-394-0132,2269,f2AymIjm
Mark,Arias,Health and safety adviser,"Lecturer, higher education",heather35@example.net,West Paulfort,677-713-3790x96727,67153,0qXvm6xW
Eric,Singh,Radiation protection practitioner,"Restaurant manager, fast food",jose34@example.org,Orozcoberg,565.412.0982x451,35812,tPnGmQDB
Melissa,Foster,Barrister's clerk,"Engineer, land",lewiselizabeth@example.com,Figueroaberg,559.893.3542,70299,arBQbZmQ
